Classification,Year,Period,Period Desc.,Aggregate Level,Is Leaf Code,Trade Flow Code,Trade Flow,Reporter Code,Reporter,Reporter ISO,Partner Code,Partner,Partner ISO,2nd Partner Code,2nd Partner,2nd Partner ISO,Customs Proc. Code,Customs,Mode of Transport Code,Mode of Transport,Commodity Code,Commodity,Qty Unit Code,Qty Unit,Qty,Alt Qty Unit Code,Alt Qty Unit,Alt Qty,Netweight (kg),Gross weight (kg),Trade Value (US$),CIF Trade Value (US$),FOB Trade Value (US$),Flag
H5,2017,2017,2017,2,0,1,Import,242,Fiji,FJI,0,World,WLD,,,,,,,,27,"Mineral fuels, mineral oils and products of their distillation; bituminous substances; mineral waxes",1,No Quantity,0,,,,0,,454468015,,,4
H5,2017,2017,2017,2,0,1,Import,242,Fiji,FJI,16,American Samoa,ASM,,,,,,,,27,"Mineral fuels, mineral oils and products of their distillation; bituminous substances; mineral waxes",1,No Quantity,0,,,,0,,30932,,,0
H5,2017,2017,2017,2,0,1,Import,242,Fiji,FJI,36,Australia,AUS,,,,,,,,27,"Mineral fuels, mineral oils and products of their distillation; bituminous substances; mineral waxes",1,No Quantity,0,,,,0,,9681730,,,0
H5,2017,2017,2017,2,0,1,Import,242,Fiji,FJI,100,Bulgaria,BGR,,,,,,,,27,"Mineral fuels, mineral oils and products of their distillation; bituminous substances; mineral waxes",1,No Quantity,0,,,,0,,755,,,0
H5,2017,2017,2017,2,0,1,Import,242,Fiji,FJI,124,Canada,CAN,,,,,,,,27,"Mineral fuels, mineral oils and products of their distillation; bituminous substances; mineral waxes",1,No Quantity,0,,,,0,,1290,,,0
H5,2017,2017,2017,2,0,1,Import,242,Fiji,FJI,156,China,CHN,,,,,,,,27,"Mineral fuels, mineral oils and products of their distillation; bituminous substances; mineral waxes",1,No Quantity,0,,,,0,,293026,,,0
H5,2017,2017,2017,2,0,1,Import,242,Fiji,FJI,251,France,FRA,,,,,,,,27,"Mineral fuels, mineral oils and products of their distillation; bituminous substances; mineral waxes",1,No Quantity,0,,,,0,,67061,,,0
H5,2017,2017,2017,2,0,1,Import,242,Fiji,FJI,276,Germany,DEU,,,,,,,,27,"Mineral fuels, mineral oils and products of their distillation; bituminous substances; mineral waxes",1,No Quantity,0,,,,0,,402121,,,0
H5,2017,2017,2017,2,0,1,Import,242,Fiji,FJI,296,Kiribati,KIR,,,,,,,,27,"Mineral fuels, mineral oils and products of their distillation; bituminous substances; mineral waxes",1,No Quantity,0,,,,0,,37834,,,0
H5,2017,2017,2017,2,0,1,Import,242,Fiji,FJI,344,"China, Hong Kong SAR",HKG,,,,,,,,27,"Mineral fuels, mineral oils and products of their distillation; bituminous substances; mineral waxes",1,No Quantity,0,,,,0,,4808,,,0
H5,2017,2017,2017,2,0,1,Import,242,Fiji,FJI,360,Indonesia,IDN,,,,,,,,27,"Mineral fuels, mineral oils and products of their distillation; bituminous substances; mineral waxes",1,No Quantity,0,,,,0,,7891,,,0
H5,2017,2017,2017,2,0,1,Import,242,Fiji,FJI,381,Italy,ITA,,,,,,,,27,"Mineral fuels, mineral oils and products of their distillation; bituminous substances; mineral waxes",1,No Quantity,0,,,,0,,94,,,4
H5,2017,2017,2017,2,0,1,Import,242,Fiji,FJI,392,Japan,JPN,,,,,,,,27,"Mineral fuels, mineral oils and products of their distillation; bituminous substances; mineral waxes",1,No Quantity,0,,,,0,,31661,,,0
H5,2017,2017,2017,2,0,1,Import,242,Fiji,FJI,408,Dem. People's Rep. of Korea,PRK,,,,,,,,27,"Mineral fuels, mineral oils and products of their distillation; bituminous substances; mineral waxes",1,No Quantity,0,,,,0,,262399,,,0
H5,2017,2017,2017,2,0,1,Import,242,Fiji,FJI,410,Rep. of Korea,KOR,,,,,,,,27,"Mineral fuels, mineral oils and products of their distillation; bituminous substances; mineral waxes",1,No Quantity,0,,,,0,,38037507,,,0
H5,2017,2017,2017,2,0,1,Import,242,Fiji,FJI,414,Kuwait,KWT,,,,,,,,27,"Mineral fuels, mineral oils and products of their distillation; bituminous substances; mineral waxes",1,No Quantity,0,,,,0,,22681,,,0
H5,2017,2017,2017,2,0,1,Import,242,Fiji,FJI,442,Luxembourg,LUX,,,,,,,,27,"Mineral fuels, mineral oils and products of their distillation; bituminous substances; mineral waxes",1,No Quantity,0,,,,0,,377,,,4
H5,2017,2017,2017,2,0,1,Import,242,Fiji,FJI,458,Malaysia,MYS,,,,,,,,27,"Mineral fuels, mineral oils and products of their distillation; bituminous substances; mineral waxes",1,No Quantity,0,,,,0,,371683,,,0
H5,2017,2017,2017,2,0,1,Import,242,Fiji,FJI,490,"Other Asia, nes",,,,,,,,,27,"Mineral fuels, mineral oils and products of their distillation; bituminous substances; mineral waxes",1,No Quantity,0,,,,0,,4471,,,0
H5,2017,2017,2017,2,0,1,Import,242,Fiji,FJI,528,Netherlands,NLD,,,,,,,,27,"Mineral fuels, mineral oils and products of their distillation; bituminous substances; mineral waxes",1,No Quantity,0,,,,0,,7603,,,0
H5,2017,2017,2017,2,0,1,Import,242,Fiji,FJI,540,New Caledonia,NCL,,,,,,,,27,"Mineral fuels, mineral oils and products of their distillation; bituminous substances; mineral waxes",1,No Quantity,0,,,,0,,622,,,0
H5,2017,2017,2017,2,0,1,Import,242,Fiji,FJI,548,Vanuatu,VUT,,,,,,,,27,"Mineral fuels, mineral oils and products of their distillation; bituminous substances; mineral waxes",1,No Quantity,0,,,,0,,116,,,0
H5,2017,2017,2017,2,0,1,Import,242,Fiji,FJI,554,New Zealand,NZL,,,,,,,,27,"Mineral fuels, mineral oils and products of their distillation; bituminous substances; mineral waxes",1,No Quantity,0,,,,0,,558795,,,4
H5,2017,2017,2017,2,0,1,Import,242,Fiji,FJI,699,India,IND,,,,,,,,27,"Mineral fuels, mineral oils and products of their distillation; bituminous substances; mineral waxes",1,No Quantity,0,,,,0,,835304,,,0
H5,2017,2017,2017,2,0,1,Import,242,Fiji,FJI,702,Singapore,SGP,,,,,,,,27,"Mineral fuels, mineral oils and products of their distillation; bituminous substances; mineral waxes",1,No Quantity,0,,,,0,,384065097,,,0
H5,2017,2017,2017,2,0,1,Import,242,Fiji,FJI,748,Eswatini,SWZ,,,,,,,,27,"Mineral fuels, mineral oils and products of their distillation; bituminous substances; mineral waxes",1,No Quantity,0,,,,0,,7989129,,,0
H5,2017,2017,2017,2,0,1,Import,242,Fiji,FJI,752,Sweden,SWE,,,,,,,,27,"Mineral fuels, mineral oils and products of their distillation; bituminous substances; mineral waxes",1,No Quantity,0,,,,0,,4021,,,0
H5,2017,2017,2017,2,0,1,Import,242,Fiji,FJI,757,Switzerland,CHE,,,,,,,,27,"Mineral fuels, mineral oils and products of their distillation; bituminous substances; mineral waxes",1,No Quantity,0,,,,0,,10291781,,,0
H5,2017,2017,2017,2,0,1,Import,242,Fiji,FJI,764,Thailand,THA,,,,,,,,27,"Mineral fuels, mineral oils and products of their distillation; bituminous substances; mineral waxes",1,No Quantity,0,,,,0,,205027,,,0
H5,2017,2017,2017,2,0,1,Import,242,Fiji,FJI,784,United Arab Emirates,ARE,,,,,,,,27,"Mineral fuels, mineral oils and products of their distillation; bituminous substances; mineral waxes",1,No Quantity,0,,,,0,,1055057,,,0
H5,2017,2017,2017,2,0,1,Import,242,Fiji,FJI,792,Turkey,TUR,,,,,,,,27,"Mineral fuels, mineral oils and products of their distillation; bituminous substances; mineral waxes",1,No Quantity,0,,,,0,,81530,,,0
H5,2017,2017,2017,2,0,1,Import,242,Fiji,FJI,798,Tuvalu,TUV,,,,,,,,27,"Mineral fuels, mineral oils and products of their distillation; bituminous substances; mineral waxes",1,No Quantity,0,,,,0,,254,,,0
H5,2017,2017,2017,2,0,1,Import,242,Fiji,FJI,826,United Kingdom,GBR,,,,,,,,27,"Mineral fuels, mineral oils and products of their distillation; bituminous substances; mineral waxes",1,No Quantity,0,,,,0,,8090,,,0
H5,2017,2017,2017,2,0,1,Import,242,Fiji,FJI,842,USA,USA,,,,,,,,27,"Mineral fuels, mineral oils and products of their distillation; bituminous substances; mineral waxes",1,No Quantity,0,,,,0,,74173,,,0
H5,2017,2017,2017,2,0,1,Import,242,Fiji,FJI,882,Samoa,WSM,,,,,,,,27,"Mineral fuels, mineral oils and products of their distillation; bituminous substances; mineral waxes",1,No Quantity,0,,,,0,,427,,,0
H5,2017,2017,2017,2,0,1,Import,242,Fiji,FJI,899,"Areas, nes",,,,,,,,,27,"Mineral fuels, mineral oils and products of their distillation; bituminous substances; mineral waxes",1,No Quantity,0,,,,0,,32653,,,0
H5,2018,2018,2018,2,0,1,Import,242,Fiji,FJI,0,World,WLD,,,,,,,,27,"Mineral fuels, mineral oils and products of their distillation; bituminous substances; mineral waxes",1,No Quantity,0,,,,0,,565408297,,,4
H5,2018,2018,2018,2,0,1,Import,242,Fiji,FJI,36,Australia,AUS,,,,,,,,27,"Mineral fuels, mineral oils and products of their distillation; bituminous substances; mineral waxes",1,No Quantity,0,,,,0,,27926330,,,4
H5,2018,2018,2018,2,0,1,Import,242,Fiji,FJI,56,Belgium,BEL,,,,,,,,27,"Mineral fuels, mineral oils and products of their distillation; bituminous substances; mineral waxes",1,No Quantity,0,,,,0,,1132,,,0
H5,2018,2018,2018,2,0,1,Import,242,Fiji,FJI,100,Bulgaria,BGR,,,,,,,,27,"Mineral fuels, mineral oils and products of their distillation; bituminous substances; mineral waxes",1,No Quantity,0,,,,0,,256,,,0
H5,2018,2018,2018,2,0,1,Import,242,Fiji,FJI,124,Canada,CAN,,,,,,,,27,"Mineral fuels, mineral oils and products of their distillation; bituminous substances; mineral waxes",1,No Quantity,0,,,,0,,23473,,,0
H5,2018,2018,2018,2,0,1,Import,242,Fiji,FJI,156,China,CHN,,,,,,,,27,"Mineral fuels, mineral oils and products of their distillation; bituminous substances; mineral waxes",1,No Quantity,0,,,,0,,3436777,,,0
H5,2018,2018,2018,2,0,1,Import,242,Fiji,FJI,251,France,FRA,,,,,,,,27,"Mineral fuels, mineral oils and products of their distillation; bituminous substances; mineral waxes",1,No Quantity,0,,,,0,,4930,,,0
H5,2018,2018,2018,2,0,1,Import,242,Fiji,FJI,276,Germany,DEU,,,,,,,,27,"Mineral fuels, mineral oils and products of their distillation; bituminous substances; mineral waxes",1,No Quantity,0,,,,0,,1446,,,0
H5,2018,2018,2018,2,0,1,Import,242,Fiji,FJI,344,"China, Hong Kong SAR",HKG,,,,,,,,27,"Mineral fuels, mineral oils and products of their distillation; bituminous substances; mineral waxes",1,No Quantity,0,,,,0,,3896,,,0
H5,2018,2018,2018,2,0,1,Import,242,Fiji,FJI,360,Indonesia,IDN,,,,,,,,27,"Mineral fuels, mineral oils and products of their distillation; bituminous substances; mineral waxes",1,No Quantity,0,,,,0,,1625,,,0
H5,2018,2018,2018,2,0,1,Import,242,Fiji,FJI,392,Japan,JPN,,,,,,,,27,"Mineral fuels, mineral oils and products of their distillation; bituminous substances; mineral waxes",1,No Quantity,0,,,,0,,19822,,,0
H5,2018,2018,2018,2,0,1,Import,242,Fiji,FJI,408,Dem. People's Rep. of Korea,PRK,,,,,,,,27,"Mineral fuels, mineral oils and products of their distillation; bituminous substances; mineral waxes",1,No Quantity,0,,,,0,,388197,,,0
H5,2018,2018,2018,2,0,1,Import,242,Fiji,FJI,410,Rep. of Korea,KOR,,,,,,,,27,"Mineral fuels, mineral oils and products of their distillation; bituminous substances; mineral waxes",1,No Quantity,0,,,,0,,40468680,,,0
H5,2018,2018,2018,2,0,1,Import,242,Fiji,FJI,414,Kuwait,KWT,,,,,,,,27,"Mineral fuels, mineral oils and products of their distillation; bituminous substances; mineral waxes",1,No Quantity,0,,,,0,,40704,,,0
H5,2018,2018,2018,2,0,1,Import,242,Fiji,FJI,458,Malaysia,MYS,,,,,,,,27,"Mineral fuels, mineral oils and products of their distillation; bituminous substances; mineral waxes",1,No Quantity,0,,,,0,,562877,,,0
H5,2018,2018,2018,2,0,1,Import,242,Fiji,FJI,490,"Other Asia, nes",,,,,,,,,27,"Mineral fuels, mineral oils and products of their distillation; bituminous substances; mineral waxes",1,No Quantity,0,,,,0,,6660,,,0
H5,2018,2018,2018,2,0,1,Import,242,Fiji,FJI,504,Morocco,MAR,,,,,,,,27,"Mineral fuels, mineral oils and products of their distillation; bituminous substances; mineral waxes",1,No Quantity,0,,,,0,,1775,,,0
H5,2018,2018,2018,2,0,1,Import,242,Fiji,FJI,540,New Caledonia,NCL,,,,,,,,27,"Mineral fuels, mineral oils and products of their distillation; bituminous substances; mineral waxes",1,No Quantity,0,,,,0,,6059,,,0
H5,2018,2018,2018,2,0,1,Import,242,Fiji,FJI,554,New Zealand,NZL,,,,,,,,27,"Mineral fuels, mineral oils and products of their distillation; bituminous substances; mineral waxes",1,No Quantity,0,,,,0,,561370,,,0
H5,2018,2018,2018,2,0,1,Import,242,Fiji,FJI,686,Senegal,SEN,,,,,,,,27,"Mineral fuels, mineral oils and products of their distillation; bituminous substances; mineral waxes",1,No Quantity,0,,,,0,,2839,,,0
H5,2018,2018,2018,2,0,1,Import,242,Fiji,FJI,699,India,IND,,,,,,,,27,"Mineral fuels, mineral oils and products of their distillation; bituminous substances; mineral waxes",1,No Quantity,0,,,,0,,644893,,,0
H5,2018,2018,2018,2,0,1,Import,242,Fiji,FJI,702,Singapore,SGP,,,,,,,,27,"Mineral fuels, mineral oils and products of their distillation; bituminous substances; mineral waxes",1,No Quantity,0,,,,0,,481768929,,,0
H5,2018,2018,2018,2,0,1,Import,242,Fiji,FJI,748,Eswatini,SWZ,,,,,,,,27,"Mineral fuels, mineral oils and products of their distillation; bituminous substances; mineral waxes",1,No Quantity,0,,,,0,,187877,,,0
H5,2018,2018,2018,2,0,1,Import,242,Fiji,FJI,752,Sweden,SWE,,,,,,,,27,"Mineral fuels, mineral oils and products of their distillation; bituminous substances; mineral waxes",1,No Quantity,0,,,,0,,550902,,,0
H5,2018,2018,2018,2,0,1,Import,242,Fiji,FJI,757,Switzerland,CHE,,,,,,,,27,"Mineral fuels, mineral oils and products of their distillation; bituminous substances; mineral waxes",1,No Quantity,0,,,,0,,1739710,,,0
H5,2018,2018,2018,2,0,1,Import,242,Fiji,FJI,764,Thailand,THA,,,,,,,,27,"Mineral fuels, mineral oils and products of their distillation; bituminous substances; mineral waxes",1,No Quantity,0,,,,0,,240666,,,0
H5,2018,2018,2018,2,0,1,Import,242,Fiji,FJI,776,Tonga,TON,,,,,,,,27,"Mineral fuels, mineral oils and products of their distillation; bituminous substances; mineral waxes",1,No Quantity,0,,,,0,,229,,,0
H5,2018,2018,2018,2,0,1,Import,242,Fiji,FJI,784,United Arab Emirates,ARE,,,,,,,,27,"Mineral fuels, mineral oils and products of their distillation; bituminous substances; mineral waxes",1,No Quantity,0,,,,0,,6540740,,,0
H5,2018,2018,2018,2,0,1,Import,242,Fiji,FJI,792,Turkey,TUR,,,,,,,,27,"Mineral fuels, mineral oils and products of their distillation; bituminous substances; mineral waxes",1,No Quantity,0,,,,0,,141273,,,0
H5,2018,2018,2018,2,0,1,Import,242,Fiji,FJI,818,Egypt,EGY,,,,,,,,27,"Mineral fuels, mineral oils and products of their distillation; bituminous substances; mineral waxes",1,No Quantity,0,,,,0,,16985,,,0
H5,2018,2018,2018,2,0,1,Import,242,Fiji,FJI,826,United Kingdom,GBR,,,,,,,,27,"Mineral fuels, mineral oils and products of their distillation; bituminous substances; mineral waxes",1,No Quantity,0,,,,0,,29669,,,0
H5,2018,2018,2018,2,0,1,Import,242,Fiji,FJI,842,USA,USA,,,,,,,,27,"Mineral fuels, mineral oils and products of their distillation; bituminous substances; mineral waxes",1,No Quantity,0,,,,0,,87551,,,0
H5,2018,2018,2018,2,0,1,Import,242,Fiji,FJI,899,"Areas, nes",,,,,,,,,27,"Mineral fuels, mineral oils and products of their distillation; bituminous substances; mineral waxes",1,No Quantity,0,,,,0,,9,,,0
H5,2019,2019,2019,2,0,1,Import,242,Fiji,FJI,0,World,WLD,,,,,,,,27,"Mineral fuels, mineral oils and products of their distillation; bituminous substances; mineral waxes",1,No Quantity,0,,,,0,,524549526,,,4
H5,2019,2019,2019,2,0,1,Import,242,Fiji,FJI,36,Australia,AUS,,,,,,,,27,"Mineral fuels, mineral oils and products of their distillation; bituminous substances; mineral waxes",1,No Quantity,0,,,,0,,24973065,,,4
H5,2019,2019,2019,2,0,1,Import,242,Fiji,FJI,100,Bulgaria,BGR,,,,,,,,27,"Mineral fuels, mineral oils and products of their distillation; bituminous substances; mineral waxes",1,No Quantity,0,,,,0,,152,,,0
H5,2019,2019,2019,2,0,1,Import,242,Fiji,FJI,124,Canada,CAN,,,,,,,,27,"Mineral fuels, mineral oils and products of their distillation; bituminous substances; mineral waxes",1,No Quantity,0,,,,0,,4586,,,4
H5,2019,2019,2019,2,0,1,Import,242,Fiji,FJI,156,China,CHN,,,,,,,,27,"Mineral fuels, mineral oils and products of their distillation; bituminous substances; mineral waxes",1,No Quantity,0,,,,0,,65329,,,4
H5,2019,2019,2019,2,0,1,Import,242,Fiji,FJI,251,France,FRA,,,,,,,,27,"Mineral fuels, mineral oils and products of their distillation; bituminous substances; mineral waxes",1,No Quantity,0,,,,0,,385,,,0
H5,2019,2019,2019,2,0,1,Import,242,Fiji,FJI,276,Germany,DEU,,,,,,,,27,"Mineral fuels, mineral oils and products of their distillation; bituminous substances; mineral waxes",1,No Quantity,0,,,,0,,1460,,,0
H5,2019,2019,2019,2,0,1,Import,242,Fiji,FJI,296,Kiribati,KIR,,,,,,,,27,"Mineral fuels, mineral oils and products of their distillation; bituminous substances; mineral waxes",1,No Quantity,0,,,,0,,242,,,0
H5,2019,2019,2019,2,0,1,Import,242,Fiji,FJI,344,"China, Hong Kong SAR",HKG,,,,,,,,27,"Mineral fuels, mineral oils and products of their distillation; bituminous substances; mineral waxes",1,No Quantity,0,,,,0,,285149,,,0
H5,2019,2019,2019,2,0,1,Import,242,Fiji,FJI,360,Indonesia,IDN,,,,,,,,27,"Mineral fuels, mineral oils and products of their distillation; bituminous substances; mineral waxes",1,No Quantity,0,,,,0,,241,,,0
H5,2019,2019,2019,2,0,1,Import,242,Fiji,FJI,376,Israel,ISR,,,,,,,,27,"Mineral fuels, mineral oils and products of their distillation; bituminous substances; mineral waxes",1,No Quantity,0,,,,0,,1916,,,0
H5,2019,2019,2019,2,0,1,Import,242,Fiji,FJI,392,Japan,JPN,,,,,,,,27,"Mineral fuels, mineral oils and products of their distillation; bituminous substances; mineral waxes",1,No Quantity,0,,,,0,,2943634,,,0
H5,2019,2019,2019,2,0,1,Import,242,Fiji,FJI,408,Dem. People's Rep. of Korea,PRK,,,,,,,,27,"Mineral fuels, mineral oils and products of their distillation; bituminous substances; mineral waxes",1,No Quantity,0,,,,0,,161559,,,0
H5,2019,2019,2019,2,0,1,Import,242,Fiji,FJI,410,Rep. of Korea,KOR,,,,,,,,27,"Mineral fuels, mineral oils and products of their distillation; bituminous substances; mineral waxes",1,No Quantity,0,,,,0,,54959347,,,0
H5,2019,2019,2019,2,0,1,Import,242,Fiji,FJI,414,Kuwait,KWT,,,,,,,,27,"Mineral fuels, mineral oils and products of their distillation; bituminous substances; mineral waxes",1,No Quantity,0,,,,0,,12836,,,0
H5,2019,2019,2019,2,0,1,Import,242,Fiji,FJI,458,Malaysia,MYS,,,,,,,,27,"Mineral fuels, mineral oils and products of their distillation; bituminous substances; mineral waxes",1,No Quantity,0,,,,0,,542892,,,0
H5,2019,2019,2019,2,0,1,Import,242,Fiji,FJI,490,"Other Asia, nes",,,,,,,,,27,"Mineral fuels, mineral oils and products of their distillation; bituminous substances; mineral waxes",1,No Quantity,0,,,,0,,2107,,,0
H5,2019,2019,2019,2,0,1,Import,242,Fiji,FJI,520,Nauru,NRU,,,,,,,,27,"Mineral fuels, mineral oils and products of their distillation; bituminous substances; mineral waxes",1,No Quantity,0,,,,0,,68,,,0
H5,2019,2019,2019,2,0,1,Import,242,Fiji,FJI,528,Netherlands,NLD,,,,,,,,27,"Mineral fuels, mineral oils and products of their distillation; bituminous substances; mineral waxes",1,No Quantity,0,,,,0,,5650,,,0
H5,2019,2019,2019,2,0,1,Import,242,Fiji,FJI,540,New Caledonia,NCL,,,,,,,,27,"Mineral fuels, mineral oils and products of their distillation; bituminous substances; mineral waxes",1,No Quantity,0,,,,0,,4303,,,0
H5,2019,2019,2019,2,0,1,Import,242,Fiji,FJI,548,Vanuatu,VUT,,,,,,,,27,"Mineral fuels, mineral oils and products of their distillation; bituminous substances; mineral waxes",1,No Quantity,0,,,,0,,12347,,,0
H5,2019,2019,2019,2,0,1,Import,242,Fiji,FJI,554,New Zealand,NZL,,,,,,,,27,"Mineral fuels, mineral oils and products of their distillation; bituminous substances; mineral waxes",1,No Quantity,0,,,,0,,537443,,,4
H5,2019,2019,2019,2,0,1,Import,242,Fiji,FJI,591,Panama,PAN,,,,,,,,27,"Mineral fuels, mineral oils and products of their distillation; bituminous substances; mineral waxes",1,No Quantity,0,,,,0,,185,,,0
H5,2019,2019,2019,2,0,1,Import,242,Fiji,FJI,598,Papua New Guinea,PNG,,,,,,,,27,"Mineral fuels, mineral oils and products of their distillation; bituminous substances; mineral waxes",1,No Quantity,0,,,,0,,235,,,0
H5,2019,2019,2019,2,0,1,Import,242,Fiji,FJI,682,Saudi Arabia,SAU,,,,,,,,27,"Mineral fuels, mineral oils and products of their distillation; bituminous substances; mineral waxes",1,No Quantity,0,,,,0,,399,,,0
H5,2019,2019,2019,2,0,1,Import,242,Fiji,FJI,699,India,IND,,,,,,,,27,"Mineral fuels, mineral oils and products of their distillation; bituminous substances; mineral waxes",1,No Quantity,0,,,,0,,519983,,,0
H5,2019,2019,2019,2,0,1,Import,242,Fiji,FJI,702,Singapore,SGP,,,,,,,,27,"Mineral fuels, mineral oils and products of their distillation; bituminous substances; mineral waxes",1,No Quantity,0,,,,0,,432725624,,,0
H5,2019,2019,2019,2,0,1,Import,242,Fiji,FJI,748,Eswatini,SWZ,,,,,,,,27,"Mineral fuels, mineral oils and products of their distillation; bituminous substances; mineral waxes",1,No Quantity,0,,,,0,,895345,,,0
H5,2019,2019,2019,2,0,1,Import,242,Fiji,FJI,752,Sweden,SWE,,,,,,,,27,"Mineral fuels, mineral oils and products of their distillation; bituminous substances; mineral waxes",1,No Quantity,0,,,,0,,3067,,,0
H5,2019,2019,2019,2,0,1,Import,242,Fiji,FJI,757,Switzerland,CHE,,,,,,,,27,"Mineral fuels, mineral oils and products of their distillation; bituminous substances; mineral waxes",1,No Quantity,0,,,,0,,361188,,,0
H5,2019,2019,2019,2,0,1,Import,242,Fiji,FJI,764,Thailand,THA,,,,,,,,27,"Mineral fuels, mineral oils and products of their distillation; bituminous substances; mineral waxes",1,No Quantity,0,,,,0,,476541,,,0
H5,2019,2019,2019,2,0,1,Import,242,Fiji,FJI,776,Tonga,TON,,,,,,,,27,"Mineral fuels, mineral oils and products of their distillation; bituminous substances; mineral waxes",1,No Quantity,0,,,,0,,5542,,,0
H5,2019,2019,2019,2,0,1,Import,242,Fiji,FJI,784,United Arab Emirates,ARE,,,,,,,,27,"Mineral fuels, mineral oils and products of their distillation; bituminous substances; mineral waxes",1,No Quantity,0,,,,0,,4544536,,,0
H5,2019,2019,2019,2,0,1,Import,242,Fiji,FJI,792,Turkey,TUR,,,,,,,,27,"Mineral fuels, mineral oils and products of their distillation; bituminous substances; mineral waxes",1,No Quantity,0,,,,0,,57626,,,0
H5,2019,2019,2019,2,0,1,Import,242,Fiji,FJI,804,Ukraine,UKR,,,,,,,,27,"Mineral fuels, mineral oils and products of their distillation; bituminous substances; mineral waxes",1,No Quantity,0,,,,0,,574,,,0
H5,2019,2019,2019,2,0,1,Import,242,Fiji,FJI,826,United Kingdom,GBR,,,,,,,,27,"Mineral fuels, mineral oils and products of their distillation; bituminous substances; mineral waxes",1,No Quantity,0,,,,0,,5330,,,0
H5,2019,2019,2019,2,0,1,Import,242,Fiji,FJI,842,USA,USA,,,,,,,,27,"Mineral fuels, mineral oils and products of their distillation; bituminous substances; mineral waxes",1,No Quantity,0,,,,0,,437511,,,4
H5,2019,2019,2019,2,0,1,Import,242,Fiji,FJI,899,"Areas, nes",,,,,,,,,27,"Mineral fuels, mineral oils and products of their distillation; bituminous substances; mineral waxes",1,No Quantity,0,,,,0,,1113,,,0
H5,2020,2020,2020,2,0,1,Import,242,Fiji,FJI,0,World,WLD,,,,,,,,27,"Mineral fuels, mineral oils and products of their distillation; bituminous substances; mineral waxes",1,No Quantity,0,,,,0,,303978700,,,0
H5,2020,2020,2020,2,0,1,Import,242,Fiji,FJI,36,Australia,AUS,,,,,,,,27,"Mineral fuels, mineral oils and products of their distillation; bituminous substances; mineral waxes",1,No Quantity,0,,,,0,,21462183,,,0
H5,2020,2020,2020,2,0,1,Import,242,Fiji,FJI,56,Belgium,BEL,,,,,,,,27,"Mineral fuels, mineral oils and products of their distillation; bituminous substances; mineral waxes",1,No Quantity,0,,,,0,,295,,,0
H5,2020,2020,2020,2,0,1,Import,242,Fiji,FJI,100,Bulgaria,BGR,,,,,,,,27,"Mineral fuels, mineral oils and products of their distillation; bituminous substances; mineral waxes",1,No Quantity,0,,,,0,,305,,,0
H5,2020,2020,2020,2,0,1,Import,242,Fiji,FJI,124,Canada,CAN,,,,,,,,27,"Mineral fuels, mineral oils and products of their distillation; bituminous substances; mineral waxes",1,No Quantity,0,,,,0,,8054,,,0
H5,2020,2020,2020,2,0,1,Import,242,Fiji,FJI,156,China,CHN,,,,,,,,27,"Mineral fuels, mineral oils and products of their distillation; bituminous substances; mineral waxes",1,No Quantity,0,,,,0,,94698,,,0
H5,2020,2020,2020,2,0,1,Import,242,Fiji,FJI,208,Denmark,DNK,,,,,,,,27,"Mineral fuels, mineral oils and products of their distillation; bituminous substances; mineral waxes",1,No Quantity,0,,,,0,,272,,,0
H5,2020,2020,2020,2,0,1,Import,242,Fiji,FJI,251,France,FRA,,,,,,,,27,"Mineral fuels, mineral oils and products of their distillation; bituminous substances; mineral waxes",1,No Quantity,0,,,,0,,5047,,,0
H5,2020,2020,2020,2,0,1,Import,242,Fiji,FJI,276,Germany,DEU,,,,,,,,27,"Mineral fuels, mineral oils and products of their distillation; bituminous substances; mineral waxes",1,No Quantity,0,,,,0,,545,,,0
H5,2020,2020,2020,2,0,1,Import,242,Fiji,FJI,296,Kiribati,KIR,,,,,,,,27,"Mineral fuels, mineral oils and products of their distillation; bituminous substances; mineral waxes",1,No Quantity,0,,,,0,,88,,,0
H5,2020,2020,2020,2,0,1,Import,242,Fiji,FJI,344,"China, Hong Kong SAR",HKG,,,,,,,,27,"Mineral fuels, mineral oils and products of their distillation; bituminous substances; mineral waxes",1,No Quantity,0,,,,0,,138008,,,0
H5,2020,2020,2020,2,0,1,Import,242,Fiji,FJI,360,Indonesia,IDN,,,,,,,,27,"Mineral fuels, mineral oils and products of their distillation; bituminous substances; mineral waxes",1,No Quantity,0,,,,0,,9422,,,0
H5,2020,2020,2020,2,0,1,Import,242,Fiji,FJI,381,Italy,ITA,,,,,,,,27,"Mineral fuels, mineral oils and products of their distillation; bituminous substances; mineral waxes",1,No Quantity,0,,,,0,,1206,,,0
H5,2020,2020,2020,2,0,1,Import,242,Fiji,FJI,392,Japan,JPN,,,,,,,,27,"Mineral fuels, mineral oils and products of their distillation; bituminous substances; mineral waxes",1,No Quantity,0,,,,0,,4105717,,,0
H5,2020,2020,2020,2,0,1,Import,242,Fiji,FJI,408,Dem. People's Rep. of Korea,PRK,,,,,,,,27,"Mineral fuels, mineral oils and products of their distillation; bituminous substances; mineral waxes",1,No Quantity,0,,,,0,,55705,,,0
H5,2020,2020,2020,2,0,1,Import,242,Fiji,FJI,410,Rep. of Korea,KOR,,,,,,,,27,"Mineral fuels, mineral oils and products of their distillation; bituminous substances; mineral waxes",1,No Quantity,0,,,,0,,17668976,,,0
H5,2020,2020,2020,2,0,1,Import,242,Fiji,FJI,414,Kuwait,KWT,,,,,,,,27,"Mineral fuels, mineral oils and products of their distillation; bituminous substances; mineral waxes",1,No Quantity,0,,,,0,,13725,,,0
H5,2020,2020,2020,2,0,1,Import,242,Fiji,FJI,458,Malaysia,MYS,,,,,,,,27,"Mineral fuels, mineral oils and products of their distillation; bituminous substances; mineral waxes",1,No Quantity,0,,,,0,,2591007,,,0
H5,2020,2020,2020,2,0,1,Import,242,Fiji,FJI,490,"Other Asia, nes",,,,,,,,,27,"Mineral fuels, mineral oils and products of their distillation; bituminous substances; mineral waxes",1,No Quantity,0,,,,0,,5655,,,0
H5,2020,2020,2020,2,0,1,Import,242,Fiji,FJI,528,Netherlands,NLD,,,,,,,,27,"Mineral fuels, mineral oils and products of their distillation; bituminous substances; mineral waxes",1,No Quantity,0,,,,0,,5892,,,0
H5,2020,2020,2020,2,0,1,Import,242,Fiji,FJI,554,New Zealand,NZL,,,,,,,,27,"Mineral fuels, mineral oils and products of their distillation; bituminous substances; mineral waxes",1,No Quantity,0,,,,0,,534954,,,0
H5,2020,2020,2020,2,0,1,Import,242,Fiji,FJI,598,Papua New Guinea,PNG,,,,,,,,27,"Mineral fuels, mineral oils and products of their distillation; bituminous substances; mineral waxes",1,No Quantity,0,,,,0,,22078,,,0
H5,2020,2020,2020,2,0,1,Import,242,Fiji,FJI,654,Saint Helena,SHN,,,,,,,,27,"Mineral fuels, mineral oils and products of their distillation; bituminous substances; mineral waxes",1,No Quantity,0,,,,0,,60967,,,0
H5,2020,2020,2020,2,0,1,Import,242,Fiji,FJI,699,India,IND,,,,,,,,27,"Mineral fuels, mineral oils and products of their distillation; bituminous substances; mineral waxes",1,No Quantity,0,,,,0,,616729,,,0
H5,2020,2020,2020,2,0,1,Import,242,Fiji,FJI,702,Singapore,SGP,,,,,,,,27,"Mineral fuels, mineral oils and products of their distillation; bituminous substances; mineral waxes",1,No Quantity,0,,,,0,,254041463,,,0
H5,2020,2020,2020,2,0,1,Import,242,Fiji,FJI,704,Viet Nam,VNM,,,,,,,,27,"Mineral fuels, mineral oils and products of their distillation; bituminous substances; mineral waxes",1,No Quantity,0,,,,0,,19543,,,0
H5,2020,2020,2020,2,0,1,Import,242,Fiji,FJI,748,Eswatini,SWZ,,,,,,,,27,"Mineral fuels, mineral oils and products of their distillation; bituminous substances; mineral waxes",1,No Quantity,0,,,,0,,333971,,,0
H5,2020,2020,2020,2,0,1,Import,242,Fiji,FJI,752,Sweden,SWE,,,,,,,,27,"Mineral fuels, mineral oils and products of their distillation; bituminous substances; mineral waxes",1,No Quantity,0,,,,0,,6531,,,0
H5,2020,2020,2020,2,0,1,Import,242,Fiji,FJI,757,Switzerland,CHE,,,,,,,,27,"Mineral fuels, mineral oils and products of their distillation; bituminous substances; mineral waxes",1,No Quantity,0,,,,0,,861902,,,0
H5,2020,2020,2020,2,0,1,Import,242,Fiji,FJI,764,Thailand,THA,,,,,,,,27,"Mineral fuels, mineral oils and products of their distillation; bituminous substances; mineral waxes",1,No Quantity,0,,,,0,,532391,,,0
H5,2020,2020,2020,2,0,1,Import,242,Fiji,FJI,776,Tonga,TON,,,,,,,,27,"Mineral fuels, mineral oils and products of their distillation; bituminous substances; mineral waxes",1,No Quantity,0,,,,0,,438,,,0
H5,2020,2020,2020,2,0,1,Import,242,Fiji,FJI,784,United Arab Emirates,ARE,,,,,,,,27,"Mineral fuels, mineral oils and products of their distillation; bituminous substances; mineral waxes",1,No Quantity,0,,,,0,,614987,,,0
H5,2020,2020,2020,2,0,1,Import,242,Fiji,FJI,792,Turkey,TUR,,,,,,,,27,"Mineral fuels, mineral oils and products of their distillation; bituminous substances; mineral waxes",1,No Quantity,0,,,,0,,68842,,,0
H5,2020,2020,2020,2,0,1,Import,242,Fiji,FJI,798,Tuvalu,TUV,,,,,,,,27,"Mineral fuels, mineral oils and products of their distillation; bituminous substances; mineral waxes",1,No Quantity,0,,,,0,,110,,,0
H5,2020,2020,2020,2,0,1,Import,242,Fiji,FJI,818,Egypt,EGY,,,,,,,,27,"Mineral fuels, mineral oils and products of their distillation; bituminous substances; mineral waxes",1,No Quantity,0,,,,0,,15283,,,0
H5,2020,2020,2020,2,0,1,Import,242,Fiji,FJI,826,United Kingdom,GBR,,,,,,,,27,"Mineral fuels, mineral oils and products of their distillation; bituminous substances; mineral waxes",1,No Quantity,0,,,,0,,4126,,,0
H5,2020,2020,2020,2,0,1,Import,242,Fiji,FJI,842,USA,USA,,,,,,,,27,"Mineral fuels, mineral oils and products of their distillation; bituminous substances; mineral waxes",1,No Quantity,0,,,,0,,66937,,,0
H5,2020,2020,2020,2,0,1,Import,242,Fiji,FJI,882,Samoa,WSM,,,,,,,,27,"Mineral fuels, mineral oils and products of their distillation; bituminous substances; mineral waxes",1,No Quantity,0,,,,0,,7911,,,0
H5,2020,2020,2020,2,0,1,Import,242,Fiji,FJI,899,"Areas, nes",,,,,,,,,27,"Mineral fuels, mineral oils and products of their distillation; bituminous substances; mineral waxes",1,No Quantity,0,,,,0,,2717,,,0
H5,2021,2021,2021,2,0,1,Import,242,Fiji,FJI,0,World,WLD,,,,,,,,27,"Mineral fuels, mineral oils and products of their distillation; bituminous substances; mineral waxes",1,No Quantity,0,,,,,,348884286,,,4
H5,2021,2021,2021,2,0,1,Import,242,Fiji,FJI,36,Australia,AUS,,,,,,,,27,"Mineral fuels, mineral oils and products of their distillation; bituminous substances; mineral waxes",1,No Quantity,0,,,,0,,28163770,,,4
H5,2021,2021,2021,2,0,1,Import,242,Fiji,FJI,50,Bangladesh,BGD,,,,,,,,27,"Mineral fuels, mineral oils and products of their distillation; bituminous substances; mineral waxes",1,No Quantity,0,,,,0,,5539,,,0
H5,2021,2021,2021,2,0,1,Import,242,Fiji,FJI,124,Canada,CAN,,,,,,,,27,"Mineral fuels, mineral oils and products of their distillation; bituminous substances; mineral waxes",1,No Quantity,0,,,,0,,22249,,,0
H5,2021,2021,2021,2,0,1,Import,242,Fiji,FJI,144,Sri Lanka,LKA,,,,,,,,27,"Mineral fuels, mineral oils and products of their distillation; bituminous substances; mineral waxes",1,No Quantity,0,,,,0,,2351,,,0
H5,2021,2021,2021,2,0,1,Import,242,Fiji,FJI,156,China,CHN,,,,,,,,27,"Mineral fuels, mineral oils and products of their distillation; bituminous substances; mineral waxes",1,No Quantity,0,,,,0,,4187925,,,0
H5,2021,2021,2021,2,0,1,Import,242,Fiji,FJI,251,France,FRA,,,,,,,,27,"Mineral fuels, mineral oils and products of their distillation; bituminous substances; mineral waxes",1,No Quantity,0,,,,0,,2273,,,0
H5,2021,2021,2021,2,0,1,Import,242,Fiji,FJI,276,Germany,DEU,,,,,,,,27,"Mineral fuels, mineral oils and products of their distillation; bituminous substances; mineral waxes",1,No Quantity,0,,,,0,,296,,,0
H5,2021,2021,2021,2,0,1,Import,242,Fiji,FJI,296,Kiribati,KIR,,,,,,,,27,"Mineral fuels, mineral oils and products of their distillation; bituminous substances; mineral waxes",1,No Quantity,0,,,,0,,1081,,,0
H5,2021,2021,2021,2,0,1,Import,242,Fiji,FJI,344,"China, Hong Kong SAR",HKG,,,,,,,,27,"Mineral fuels, mineral oils and products of their distillation; bituminous substances; mineral waxes",1,No Quantity,0,,,,0,,45521,,,0
H5,2021,2021,2021,2,0,1,Import,242,Fiji,FJI,368,Iraq,IRQ,,,,,,,,27,"Mineral fuels, mineral oils and products of their distillation; bituminous substances; mineral waxes",1,No Quantity,0,,,,0,,156278,,,0
H5,2021,2021,2021,2,0,1,Import,242,Fiji,FJI,376,Israel,ISR,,,,,,,,27,"Mineral fuels, mineral oils and products of their distillation; bituminous substances; mineral waxes",1,No Quantity,0,,,,0,,72,,,0
H5,2021,2021,2021,2,0,1,Import,242,Fiji,FJI,381,Italy,ITA,,,,,,,,27,"Mineral fuels, mineral oils and products of their distillation; bituminous substances; mineral waxes",1,No Quantity,0,,,,0,,1422,,,0
H5,2021,2021,2021,2,0,1,Import,242,Fiji,FJI,392,Japan,JPN,,,,,,,,27,"Mineral fuels, mineral oils and products of their distillation; bituminous substances; mineral waxes",1,No Quantity,0,,,,0,,19070,,,0
H5,2021,2021,2021,2,0,1,Import,242,Fiji,FJI,408,Dem. People's Rep. of Korea,PRK,,,,,,,,27,"Mineral fuels, mineral oils and products of their distillation; bituminous substances; mineral waxes",1,No Quantity,0,,,,0,,24872,,,0
H5,2021,2021,2021,2,0,1,Import,242,Fiji,FJI,410,Rep. of Korea,KOR,,,,,,,,27,"Mineral fuels, mineral oils and products of their distillation; bituminous substances; mineral waxes",1,No Quantity,0,,,,0,,3787955,,,0
H5,2021,2021,2021,2,0,1,Import,242,Fiji,FJI,414,Kuwait,KWT,,,,,,,,27,"Mineral fuels, mineral oils and products of their distillation; bituminous substances; mineral waxes",1,No Quantity,0,,,,0,,17425,,,0
H5,2021,2021,2021,2,0,1,Import,242,Fiji,FJI,458,Malaysia,MYS,,,,,,,,27,"Mineral fuels, mineral oils and products of their distillation; bituminous substances; mineral waxes",1,No Quantity,0,,,,0,,372687,,,0
H5,2021,2021,2021,2,0,1,Import,242,Fiji,FJI,490,"Other Asia, nes",,,,,,,,,27,"Mineral fuels, mineral oils and products of their distillation; bituminous substances; mineral waxes",1,No Quantity,0,,,,0,,13510,,,0
H5,2021,2021,2021,2,0,1,Import,242,Fiji,FJI,528,Netherlands,NLD,,,,,,,,27,"Mineral fuels, mineral oils and products of their distillation; bituminous substances; mineral waxes",1,No Quantity,0,,,,0,,7893,,,0
H5,2021,2021,2021,2,0,1,Import,242,Fiji,FJI,554,New Zealand,NZL,,,,,,,,27,"Mineral fuels, mineral oils and products of their distillation; bituminous substances; mineral waxes",1,No Quantity,0,,,,0,,688072,,,4
H5,2021,2021,2021,2,0,1,Import,242,Fiji,FJI,608,Philippines,PHL,,,,,,,,27,"Mineral fuels, mineral oils and products of their distillation; bituminous substances; mineral waxes",1,No Quantity,0,,,,0,,348,,,0
H5,2021,2021,2021,2,0,1,Import,242,Fiji,FJI,699,India,IND,,,,,,,,27,"Mineral fuels, mineral oils and products of their distillation; bituminous substances; mineral waxes",1,No Quantity,0,,,,0,,867261,,,0
H5,2021,2021,2021,2,0,1,Import,242,Fiji,FJI,702,Singapore,SGP,,,,,,,,27,"Mineral fuels, mineral oils and products of their distillation; bituminous substances; mineral waxes",1,No Quantity,0,,,,0,,308230168,,,0
H5,2021,2021,2021,2,0,1,Import,242,Fiji,FJI,752,Sweden,SWE,,,,,,,,27,"Mineral fuels, mineral oils and products of their distillation; bituminous substances; mineral waxes",1,No Quantity,0,,,,0,,5038,,,0
H5,2021,2021,2021,2,0,1,Import,242,Fiji,FJI,757,Switzerland,CHE,,,,,,,,27,"Mineral fuels, mineral oils and products of their distillation; bituminous substances; mineral waxes",1,No Quantity,0,,,,0,,450651,,,0
H5,2021,2021,2021,2,0,1,Import,242,Fiji,FJI,764,Thailand,THA,,,,,,,,27,"Mineral fuels, mineral oils and products of their distillation; bituminous substances; mineral waxes",1,No Quantity,0,,,,0,,445125,,,0
H5,2021,2021,2021,2,0,1,Import,242,Fiji,FJI,784,United Arab Emirates,ARE,,,,,,,,27,"Mineral fuels, mineral oils and products of their distillation; bituminous substances; mineral waxes",1,No Quantity,0,,,,0,,1190549,,,0
H5,2021,2021,2021,2,0,1,Import,242,Fiji,FJI,792,Turkey,TUR,,,,,,,,27,"Mineral fuels, mineral oils and products of their distillation; bituminous substances; mineral waxes",1,No Quantity,0,,,,0,,50633,,,0
H5,2021,2021,2021,2,0,1,Import,242,Fiji,FJI,798,Tuvalu,TUV,,,,,,,,27,"Mineral fuels, mineral oils and products of their distillation; bituminous substances; mineral waxes",1,No Quantity,0,,,,0,,4722,,,0
H5,2021,2021,2021,2,0,1,Import,242,Fiji,FJI,818,Egypt,EGY,,,,,,,,27,"Mineral fuels, mineral oils and products of their distillation; bituminous substances; mineral waxes",1,No Quantity,0,,,,0,,28364,,,0
H5,2021,2021,2021,2,0,1,Import,242,Fiji,FJI,826,United Kingdom,GBR,,,,,,,,27,"Mineral fuels, mineral oils and products of their distillation; bituminous substances; mineral waxes",1,No Quantity,0,,,,0,,1250,,,0
H5,2021,2021,2021,2,0,1,Import,242,Fiji,FJI,842,USA,USA,,,,,,,,27,"Mineral fuels, mineral oils and products of their distillation; bituminous substances; mineral waxes",1,No Quantity,0,,,,0,,89210,,,0
H5,2021,2021,2021,2,0,1,Import,242,Fiji,FJI,876,Wallis and Futuna Isds,WLF,,,,,,,,27,"Mineral fuels, mineral oils and products of their distillation; bituminous substances; mineral waxes",1,No Quantity,0,,,,,,689,,,0
H4,2012,2012,2012,2,0,1,Import,242,Fiji,FJI,0,World,WLD,,,,,,,,27,"Mineral fuels, mineral oils and products of their distillation; bituminous substances; mineral waxes",1,No Quantity,,,,,,,687599686,,,0
H4,2012,2012,2012,2,0,1,Import,242,Fiji,FJI,36,Australia,AUS,,,,,,,,27,"Mineral fuels, mineral oils and products of their distillation; bituminous substances; mineral waxes",1,No Quantity,,,,,,,18777559,,,0
H4,2012,2012,2012,2,0,1,Import,242,Fiji,FJI,56,Belgium,BEL,,,,,,,,27,"Mineral fuels, mineral oils and products of their distillation; bituminous substances; mineral waxes",1,No Quantity,,,,,,,482,,,0
H4,2012,2012,2012,2,0,1,Import,242,Fiji,FJI,124,Canada,CAN,,,,,,,,27,"Mineral fuels, mineral oils and products of their distillation; bituminous substances; mineral waxes",1,No Quantity,,,,,,,3665,,,0
H4,2012,2012,2012,2,0,1,Import,242,Fiji,FJI,156,China,CHN,,,,,,,,27,"Mineral fuels, mineral oils and products of their distillation; bituminous substances; mineral waxes",1,No Quantity,,,,,,,322895,,,0
H4,2012,2012,2012,2,0,1,Import,242,Fiji,FJI,276,Germany,DEU,,,,,,,,27,"Mineral fuels, mineral oils and products of their distillation; bituminous substances; mineral waxes",1,No Quantity,,,,,,,46223,,,0
H4,2012,2012,2012,2,0,1,Import,242,Fiji,FJI,344,"China, Hong Kong SAR",HKG,,,,,,,,27,"Mineral fuels, mineral oils and products of their distillation; bituminous substances; mineral waxes",1,No Quantity,,,,,,,12100,,,0
H4,2012,2012,2012,2,0,1,Import,242,Fiji,FJI,360,Indonesia,IDN,,,,,,,,27,"Mineral fuels, mineral oils and products of their distillation; bituminous substances; mineral waxes",1,No Quantity,,,,,,,2471,,,0
H4,2012,2012,2012,2,0,1,Import,242,Fiji,FJI,381,Italy,ITA,,,,,,,,27,"Mineral fuels, mineral oils and products of their distillation; bituminous substances; mineral waxes",1,No Quantity,,,,,,,61978,,,0
H4,2012,2012,2012,2,0,1,Import,242,Fiji,FJI,392,Japan,JPN,,,,,,,,27,"Mineral fuels, mineral oils and products of their distillation; bituminous substances; mineral waxes",1,No Quantity,,,,,,,17776,,,0
H4,2012,2012,2012,2,0,1,Import,242,Fiji,FJI,410,Rep. of Korea,KOR,,,,,,,,27,"Mineral fuels, mineral oils and products of their distillation; bituminous substances; mineral waxes",1,No Quantity,,,,,,,70415,,,0
H4,2012,2012,2012,2,0,1,Import,242,Fiji,FJI,458,Malaysia,MYS,,,,,,,,27,"Mineral fuels, mineral oils and products of their distillation; bituminous substances; mineral waxes",1,No Quantity,,,,,,,4324473,,,0
H4,2012,2012,2012,2,0,1,Import,242,Fiji,FJI,490,"Other Asia, nes",,,,,,,,,27,"Mineral fuels, mineral oils and products of their distillation; bituminous substances; mineral waxes",1,No Quantity,,,,,,,165202,,,0
H4,2012,2012,2012,2,0,1,Import,242,Fiji,FJI,528,Netherlands,NLD,,,,,,,,27,"Mineral fuels, mineral oils and products of their distillation; bituminous substances; mineral waxes",1,No Quantity,,,,,,,131,,,0
H4,2012,2012,2012,2,0,1,Import,242,Fiji,FJI,540,New Caledonia,NCL,,,,,,,,27,"Mineral fuels, mineral oils and products of their distillation; bituminous substances; mineral waxes",1,No Quantity,,,,,,,23343,,,0
H4,2012,2012,2012,2,0,1,Import,242,Fiji,FJI,554,New Zealand,NZL,,,,,,,,27,"Mineral fuels, mineral oils and products of their distillation; bituminous substances; mineral waxes",1,No Quantity,,,,,,,722994,,,0
H4,2012,2012,2012,2,0,1,Import,242,Fiji,FJI,660,Anguilla,AIA,,,,,,,,27,"Mineral fuels, mineral oils and products of their distillation; bituminous substances; mineral waxes",1,No Quantity,,,,,,,882,,,0
H4,2012,2012,2012,2,0,1,Import,242,Fiji,FJI,682,Saudi Arabia,SAU,,,,,,,,27,"Mineral fuels, mineral oils and products of their distillation; bituminous substances; mineral waxes",1,No Quantity,,,,,,,2450366,,,0
H4,2012,2012,2012,2,0,1,Import,242,Fiji,FJI,699,India,IND,,,,,,,,27,"Mineral fuels, mineral oils and products of their distillation; bituminous substances; mineral waxes",1,No Quantity,,,,,,,625109,,,0
H4,2012,2012,2012,2,0,1,Import,242,Fiji,FJI,702,Singapore,SGP,,,,,,,,27,"Mineral fuels, mineral oils and products of their distillation; bituminous substances; mineral waxes",1,No Quantity,,,,,,,643448910,,,0
H4,2012,2012,2012,2,0,1,Import,242,Fiji,FJI,710,South Africa,ZAF,,,,,,,,27,"Mineral fuels, mineral oils and products of their distillation; bituminous substances; mineral waxes",1,No Quantity,,,,,,,66572,,,0
H4,2012,2012,2012,2,0,1,Import,242,Fiji,FJI,748,Eswatini,SWZ,,,,,,,,27,"Mineral fuels, mineral oils and products of their distillation; bituminous substances; mineral waxes",1,No Quantity,,,,,,,2258515,,,0
H4,2012,2012,2012,2,0,1,Import,242,Fiji,FJI,752,Sweden,SWE,,,,,,,,27,"Mineral fuels, mineral oils and products of their distillation; bituminous substances; mineral waxes",1,No Quantity,,,,,,,29148,,,0
H4,2012,2012,2012,2,0,1,Import,242,Fiji,FJI,757,Switzerland,CHE,,,,,,,,27,"Mineral fuels, mineral oils and products of their distillation; bituminous substances; mineral waxes",1,No Quantity,,,,,,,6997147,,,0
H4,2012,2012,2012,2,0,1,Import,242,Fiji,FJI,764,Thailand,THA,,,,,,,,27,"Mineral fuels, mineral oils and products of their distillation; bituminous substances; mineral waxes",1,No Quantity,,,,,,,4587743,,,0
H4,2012,2012,2012,2,0,1,Import,242,Fiji,FJI,776,Tonga,TON,,,,,,,,27,"Mineral fuels, mineral oils and products of their distillation; bituminous substances; mineral waxes",1,No Quantity,,,,,,,11219,,,0
H4,2012,2012,2012,2,0,1,Import,242,Fiji,FJI,784,United Arab Emirates,ARE,,,,,,,,27,"Mineral fuels, mineral oils and products of their distillation; bituminous substances; mineral waxes",1,No Quantity,,,,,,,160111,,,0
H4,2012,2012,2012,2,0,1,Import,242,Fiji,FJI,792,Turkey,TUR,,,,,,,,27,"Mineral fuels, mineral oils and products of their distillation; bituminous substances; mineral waxes",1,No Quantity,,,,,,,320230,,,0
H4,2012,2012,2012,2,0,1,Import,242,Fiji,FJI,798,Tuvalu,TUV,,,,,,,,27,"Mineral fuels, mineral oils and products of their distillation; bituminous substances; mineral waxes",1,No Quantity,,,,,,,3617,,,0
H4,2012,2012,2012,2,0,1,Import,242,Fiji,FJI,826,United Kingdom,GBR,,,,,,,,27,"Mineral fuels, mineral oils and products of their distillation; bituminous substances; mineral waxes",1,No Quantity,,,,,,,365299,,,0
H4,2012,2012,2012,2,0,1,Import,242,Fiji,FJI,842,USA,USA,,,,,,,,27,"Mineral fuels, mineral oils and products of their distillation; bituminous substances; mineral waxes",1,No Quantity,,,,,,,916731,,,0
H4,2012,2012,2012,2,0,1,Import,242,Fiji,FJI,899,"Areas, nes",,,,,,,,,27,"Mineral fuels, mineral oils and products of their distillation; bituminous substances; mineral waxes",1,No Quantity,,,,,,,806382,,,0
H4,2013,2013,2013,2,0,1,Import,242,Fiji,FJI,0,World,WLD,,,,,,,,27,"Mineral fuels, mineral oils and products of their distillation; bituminous substances; mineral waxes",1,No Quantity,,,,,,,670948830,,,0
H4,2013,2013,2013,2,0,1,Import,242,Fiji,FJI,36,Australia,AUS,,,,,,,,27,"Mineral fuels, mineral oils and products of their distillation; bituminous substances; mineral waxes",1,No Quantity,,,,,,,3714999,,,0
H4,2013,2013,2013,2,0,1,Import,242,Fiji,FJI,124,Canada,CAN,,,,,,,,27,"Mineral fuels, mineral oils and products of their distillation; bituminous substances; mineral waxes",1,No Quantity,,,,,,,4153,,,0
H4,2013,2013,2013,2,0,1,Import,242,Fiji,FJI,156,China,CHN,,,,,,,,27,"Mineral fuels, mineral oils and products of their distillation; bituminous substances; mineral waxes",1,No Quantity,,,,,,,414979,,,0
H4,2013,2013,2013,2,0,1,Import,242,Fiji,FJI,184,Cook Isds,COK,,,,,,,,27,"Mineral fuels, mineral oils and products of their distillation; bituminous substances; mineral waxes",1,No Quantity,,,,,,,1004,,,0
H4,2013,2013,2013,2,0,1,Import,242,Fiji,FJI,251,France,FRA,,,,,,,,27,"Mineral fuels, mineral oils and products of their distillation; bituminous substances; mineral waxes",1,No Quantity,,,,,,,90596,,,0
H4,2013,2013,2013,2,0,1,Import,242,Fiji,FJI,258,French Polynesia,PYF,,,,,,,,27,"Mineral fuels, mineral oils and products of their distillation; bituminous substances; mineral waxes",1,No Quantity,,,,,,,204347,,,0
H4,2013,2013,2013,2,0,1,Import,242,Fiji,FJI,276,Germany,DEU,,,,,,,,27,"Mineral fuels, mineral oils and products of their distillation; bituminous substances; mineral waxes",1,No Quantity,,,,,,,84710,,,0
H4,2013,2013,2013,2,0,1,Import,242,Fiji,FJI,344,"China, Hong Kong SAR",HKG,,,,,,,,27,"Mineral fuels, mineral oils and products of their distillation; bituminous substances; mineral waxes",1,No Quantity,,,,,,,3690,,,0
H4,2013,2013,2013,2,0,1,Import,242,Fiji,FJI,360,Indonesia,IDN,,,,,,,,27,"Mineral fuels, mineral oils and products of their distillation; bituminous substances; mineral waxes",1,No Quantity,,,,,,,6444,,,0
H4,2013,2013,2013,2,0,1,Import,242,Fiji,FJI,381,Italy,ITA,,,,,,,,27,"Mineral fuels, mineral oils and products of their distillation; bituminous substances; mineral waxes",1,No Quantity,,,,,,,5654,,,0
H4,2013,2013,2013,2,0,1,Import,242,Fiji,FJI,392,Japan,JPN,,,,,,,,27,"Mineral fuels, mineral oils and products of their distillation; bituminous substances; mineral waxes",1,No Quantity,,,,,,,10937,,,0
H4,2013,2013,2013,2,0,1,Import,242,Fiji,FJI,410,Rep. of Korea,KOR,,,,,,,,27,"Mineral fuels, mineral oils and products of their distillation; bituminous substances; mineral waxes",1,No Quantity,,,,,,,97203,,,0
H4,2013,2013,2013,2,0,1,Import,242,Fiji,FJI,458,Malaysia,MYS,,,,,,,,27,"Mineral fuels, mineral oils and products of their distillation; bituminous substances; mineral waxes",1,No Quantity,,,,,,,100656346,,,0
H4,2013,2013,2013,2,0,1,Import,242,Fiji,FJI,490,"Other Asia, nes",,,,,,,,,27,"Mineral fuels, mineral oils and products of their distillation; bituminous substances; mineral waxes",1,No Quantity,,,,,,,121254,,,0
H4,2013,2013,2013,2,0,1,Import,242,Fiji,FJI,520,Nauru,NRU,,,,,,,,27,"Mineral fuels, mineral oils and products of their distillation; bituminous substances; mineral waxes",1,No Quantity,,,,,,,163,,,0
H4,2013,2013,2013,2,0,1,Import,242,Fiji,FJI,528,Netherlands,NLD,,,,,,,,27,"Mineral fuels, mineral oils and products of their distillation; bituminous substances; mineral waxes",1,No Quantity,,,,,,,2116,,,0
H4,2013,2013,2013,2,0,1,Import,242,Fiji,FJI,540,New Caledonia,NCL,,,,,,,,27,"Mineral fuels, mineral oils and products of their distillation; bituminous substances; mineral waxes",1,No Quantity,,,,,,,65258,,,0
H4,2013,2013,2013,2,0,1,Import,242,Fiji,FJI,554,New Zealand,NZL,,,,,,,,27,"Mineral fuels, mineral oils and products of their distillation; bituminous substances; mineral waxes",1,No Quantity,,,,,,,1738846,,,0
H4,2013,2013,2013,2,0,1,Import,242,Fiji,FJI,591,Panama,PAN,,,,,,,,27,"Mineral fuels, mineral oils and products of their distillation; bituminous substances; mineral waxes",1,No Quantity,,,,,,,4182296,,,0
H4,2013,2013,2013,2,0,1,Import,242,Fiji,FJI,598,Papua New Guinea,PNG,,,,,,,,27,"Mineral fuels, mineral oils and products of their distillation; bituminous substances; mineral waxes",1,No Quantity,,,,,,,9824,,,0
H4,2013,2013,2013,2,0,1,Import,242,Fiji,FJI,608,Philippines,PHL,,,,,,,,27,"Mineral fuels, mineral oils and products of their distillation; bituminous substances; mineral waxes",1,No Quantity,,,,,,,66703,,,0
H4,2013,2013,2013,2,0,1,Import,242,Fiji,FJI,699,India,IND,,,,,,,,27,"Mineral fuels, mineral oils and products of their distillation; bituminous substances; mineral waxes",1,No Quantity,,,,,,,624341,,,0
H4,2013,2013,2013,2,0,1,Import,242,Fiji,FJI,702,Singapore,SGP,,,,,,,,27,"Mineral fuels, mineral oils and products of their distillation; bituminous substances; mineral waxes",1,No Quantity,,,,,,,529766126,,,0
H4,2013,2013,2013,2,0,1,Import,242,Fiji,FJI,748,Eswatini,SWZ,,,,,,,,27,"Mineral fuels, mineral oils and products of their distillation; bituminous substances; mineral waxes",1,No Quantity,,,,,,,10076083,,,0
H4,2013,2013,2013,2,0,1,Import,242,Fiji,FJI,752,Sweden,SWE,,,,,,,,27,"Mineral fuels, mineral oils and products of their distillation; bituminous substances; mineral waxes",1,No Quantity,,,,,,,2625,,,0
H4,2013,2013,2013,2,0,1,Import,242,Fiji,FJI,757,Switzerland,CHE,,,,,,,,27,"Mineral fuels, mineral oils and products of their distillation; bituminous substances; mineral waxes",1,No Quantity,,,,,,,14074210,,,0
H4,2013,2013,2013,2,0,1,Import,242,Fiji,FJI,764,Thailand,THA,,,,,,,,27,"Mineral fuels, mineral oils and products of their distillation; bituminous substances; mineral waxes",1,No Quantity,,,,,,,555135,,,0
H4,2013,2013,2013,2,0,1,Import,242,Fiji,FJI,784,United Arab Emirates,ARE,,,,,,,,27,"Mineral fuels, mineral oils and products of their distillation; bituminous substances; mineral waxes",1,No Quantity,,,,,,,452661,,,0
H4,2013,2013,2013,2,0,1,Import,242,Fiji,FJI,792,Turkey,TUR,,,,,,,,27,"Mineral fuels, mineral oils and products of their distillation; bituminous substances; mineral waxes",1,No Quantity,,,,,,,187241,,,0
H4,2013,2013,2013,2,0,1,Import,242,Fiji,FJI,798,Tuvalu,TUV,,,,,,,,27,"Mineral fuels, mineral oils and products of their distillation; bituminous substances; mineral waxes",1,No Quantity,,,,,,,3159,,,0
H4,2013,2013,2013,2,0,1,Import,242,Fiji,FJI,826,United Kingdom,GBR,,,,,,,,27,"Mineral fuels, mineral oils and products of their distillation; bituminous substances; mineral waxes",1,No Quantity,,,,,,,1385577,,,0
H4,2013,2013,2013,2,0,1,Import,242,Fiji,FJI,842,USA,USA,,,,,,,,27,"Mineral fuels, mineral oils and products of their distillation; bituminous substances; mineral waxes",1,No Quantity,,,,,,,1545114,,,0
H4,2013,2013,2013,2,0,1,Import,242,Fiji,FJI,899,"Areas, nes",,,,,,,,,27,"Mineral fuels, mineral oils and products of their distillation; bituminous substances; mineral waxes",1,No Quantity,,,,,,,795036,,,0
H4,2014,2014,2014,2,0,1,Import,242,Fiji,FJI,0,World,WLD,,,,,,,,27,"Mineral fuels, mineral oils and products of their distillation; bituminous substances; mineral waxes",1,No Quantity,,,,,,,795607509,,,0
H4,2014,2014,2014,2,0,1,Import,242,Fiji,FJI,16,American Samoa,ASM,,,,,,,,27,"Mineral fuels, mineral oils and products of their distillation; bituminous substances; mineral waxes",1,No Quantity,,,,,,,65254,,,0
H4,2014,2014,2014,2,0,1,Import,242,Fiji,FJI,36,Australia,AUS,,,,,,,,27,"Mineral fuels, mineral oils and products of their distillation; bituminous substances; mineral waxes",1,No Quantity,,,,,,,5766802,,,0
H4,2014,2014,2014,2,0,1,Import,242,Fiji,FJI,56,Belgium,BEL,,,,,,,,27,"Mineral fuels, mineral oils and products of their distillation; bituminous substances; mineral waxes",1,No Quantity,,,,,,,562,,,0
H4,2014,2014,2014,2,0,1,Import,242,Fiji,FJI,124,Canada,CAN,,,,,,,,27,"Mineral fuels, mineral oils and products of their distillation; bituminous substances; mineral waxes",1,No Quantity,,,,,,,17960,,,0
H4,2014,2014,2014,2,0,1,Import,242,Fiji,FJI,156,China,CHN,,,,,,,,27,"Mineral fuels, mineral oils and products of their distillation; bituminous substances; mineral waxes",1,No Quantity,,,,,,,431558,,,0
H4,2014,2014,2014,2,0,1,Import,242,Fiji,FJI,184,Cook Isds,COK,,,,,,,,27,"Mineral fuels, mineral oils and products of their distillation; bituminous substances; mineral waxes",1,No Quantity,,,,,,,476,,,0
H4,2014,2014,2014,2,0,1,Import,242,Fiji,FJI,208,Denmark,DNK,,,,,,,,27,"Mineral fuels, mineral oils and products of their distillation; bituminous substances; mineral waxes",1,No Quantity,,,,,,,40597,,,0
H4,2014,2014,2014,2,0,1,Import,242,Fiji,FJI,276,Germany,DEU,,,,,,,,27,"Mineral fuels, mineral oils and products of their distillation; bituminous substances; mineral waxes",1,No Quantity,,,,,,,24413,,,0
H4,2014,2014,2014,2,0,1,Import,242,Fiji,FJI,296,Kiribati,KIR,,,,,,,,27,"Mineral fuels, mineral oils and products of their distillation; bituminous substances; mineral waxes",1,No Quantity,,,,,,,619,,,0
H4,2014,2014,2014,2,0,1,Import,242,Fiji,FJI,360,Indonesia,IDN,,,,,,,,27,"Mineral fuels, mineral oils and products of their distillation; bituminous substances; mineral waxes",1,No Quantity,,,,,,,1206,,,0
H4,2014,2014,2014,2,0,1,Import,242,Fiji,FJI,392,Japan,JPN,,,,,,,,27,"Mineral fuels, mineral oils and products of their distillation; bituminous substances; mineral waxes",1,No Quantity,,,,,,,84439,,,0
H4,2014,2014,2014,2,0,1,Import,242,Fiji,FJI,410,Rep. of Korea,KOR,,,,,,,,27,"Mineral fuels, mineral oils and products of their distillation; bituminous substances; mineral waxes",1,No Quantity,,,,,,,3163426,,,0
H4,2014,2014,2014,2,0,1,Import,242,Fiji,FJI,458,Malaysia,MYS,,,,,,,,27,"Mineral fuels, mineral oils and products of their distillation; bituminous substances; mineral waxes",1,No Quantity,,,,,,,31913325,,,0
H4,2014,2014,2014,2,0,1,Import,242,Fiji,FJI,490,"Other Asia, nes",,,,,,,,,27,"Mineral fuels, mineral oils and products of their distillation; bituminous substances; mineral waxes",1,No Quantity,,,,,,,66857,,,0
H4,2014,2014,2014,2,0,1,Import,242,Fiji,FJI,520,Nauru,NRU,,,,,,,,27,"Mineral fuels, mineral oils and products of their distillation; bituminous substances; mineral waxes",1,No Quantity,,,,,,,582,,,0
H4,2014,2014,2014,2,0,1,Import,242,Fiji,FJI,528,Netherlands,NLD,,,,,,,,27,"Mineral fuels, mineral oils and products of their distillation; bituminous substances; mineral waxes",1,No Quantity,,,,,,,5290,,,0
H4,2014,2014,2014,2,0,1,Import,242,Fiji,FJI,540,New Caledonia,NCL,,,,,,,,27,"Mineral fuels, mineral oils and products of their distillation; bituminous substances; mineral waxes",1,No Quantity,,,,,,,2346,,,0
H4,2014,2014,2014,2,0,1,Import,242,Fiji,FJI,548,Vanuatu,VUT,,,,,,,,27,"Mineral fuels, mineral oils and products of their distillation; bituminous substances; mineral waxes",1,No Quantity,,,,,,,61149,,,0
H4,2014,2014,2014,2,0,1,Import,242,Fiji,FJI,554,New Zealand,NZL,,,,,,,,27,"Mineral fuels, mineral oils and products of their distillation; bituminous substances; mineral waxes",1,No Quantity,,,,,,,4771031,,,0
H4,2014,2014,2014,2,0,1,Import,242,Fiji,FJI,608,Philippines,PHL,,,,,,,,27,"Mineral fuels, mineral oils and products of their distillation; bituminous substances; mineral waxes",1,No Quantity,,,,,,,1402,,,0
H4,2014,2014,2014,2,0,1,Import,242,Fiji,FJI,682,Saudi Arabia,SAU,,,,,,,,27,"Mineral fuels, mineral oils and products of their distillation; bituminous substances; mineral waxes",1,No Quantity,,,,,,,40,,,0
H4,2014,2014,2014,2,0,1,Import,242,Fiji,FJI,699,India,IND,,,,,,,,27,"Mineral fuels, mineral oils and products of their distillation; bituminous substances; mineral waxes",1,No Quantity,,,,,,,760336,,,0
H4,2014,2014,2014,2,0,1,Import,242,Fiji,FJI,702,Singapore,SGP,,,,,,,,27,"Mineral fuels, mineral oils and products of their distillation; bituminous substances; mineral waxes",1,No Quantity,,,,,,,712134733,,,0
H4,2014,2014,2014,2,0,1,Import,242,Fiji,FJI,710,South Africa,ZAF,,,,,,,,27,"Mineral fuels, mineral oils and products of their distillation; bituminous substances; mineral waxes",1,No Quantity,,,,,,,94525,,,0
H4,2014,2014,2014,2,0,1,Import,242,Fiji,FJI,748,Eswatini,SWZ,,,,,,,,27,"Mineral fuels, mineral oils and products of their distillation; bituminous substances; mineral waxes",1,No Quantity,,,,,,,12170068,,,0
H4,2014,2014,2014,2,0,1,Import,242,Fiji,FJI,752,Sweden,SWE,,,,,,,,27,"Mineral fuels, mineral oils and products of their distillation; bituminous substances; mineral waxes",1,No Quantity,,,,,,,6794,,,0
H4,2014,2014,2014,2,0,1,Import,242,Fiji,FJI,757,Switzerland,CHE,,,,,,,,27,"Mineral fuels, mineral oils and products of their distillation; bituminous substances; mineral waxes",1,No Quantity,,,,,,,15530457,,,0
H4,2014,2014,2014,2,0,1,Import,242,Fiji,FJI,764,Thailand,THA,,,,,,,,27,"Mineral fuels, mineral oils and products of their distillation; bituminous substances; mineral waxes",1,No Quantity,,,,,,,720161,,,0
H4,2014,2014,2014,2,0,1,Import,242,Fiji,FJI,776,Tonga,TON,,,,,,,,27,"Mineral fuels, mineral oils and products of their distillation; bituminous substances; mineral waxes",1,No Quantity,,,,,,,4640,,,0
H4,2014,2014,2014,2,0,1,Import,242,Fiji,FJI,784,United Arab Emirates,ARE,,,,,,,,27,"Mineral fuels, mineral oils and products of their distillation; bituminous substances; mineral waxes",1,No Quantity,,,,,,,827382,,,0
H4,2014,2014,2014,2,0,1,Import,242,Fiji,FJI,792,Turkey,TUR,,,,,,,,27,"Mineral fuels, mineral oils and products of their distillation; bituminous substances; mineral waxes",1,No Quantity,,,,,,,160742,,,0
H4,2014,2014,2014,2,0,1,Import,242,Fiji,FJI,798,Tuvalu,TUV,,,,,,,,27,"Mineral fuels, mineral oils and products of their distillation; bituminous substances; mineral waxes",1,No Quantity,,,,,,,110,,,0
H4,2014,2014,2014,2,0,1,Import,242,Fiji,FJI,804,Ukraine,UKR,,,,,,,,27,"Mineral fuels, mineral oils and products of their distillation; bituminous substances; mineral waxes",1,No Quantity,,,,,,,53,,,0
H4,2014,2014,2014,2,0,1,Import,242,Fiji,FJI,826,United Kingdom,GBR,,,,,,,,27,"Mineral fuels, mineral oils and products of their distillation; bituminous substances; mineral waxes",1,No Quantity,,,,,,,14545,,,0
H4,2014,2014,2014,2,0,1,Import,242,Fiji,FJI,837,Bunkers,,,,,,,,,27,"Mineral fuels, mineral oils and products of their distillation; bituminous substances; mineral waxes",1,No Quantity,,,,,,,243,,,0
H4,2014,2014,2014,2,0,1,Import,242,Fiji,FJI,842,USA,USA,,,,,,,,27,"Mineral fuels, mineral oils and products of their distillation; bituminous substances; mineral waxes",1,No Quantity,,,,,,,6758035,,,0
H4,2014,2014,2014,2,0,1,Import,242,Fiji,FJI,876,Wallis and Futuna Isds,WLF,,,,,,,,27,"Mineral fuels, mineral oils and products of their distillation; bituminous substances; mineral waxes",1,No Quantity,,,,,,,64,,,0
H4,2014,2014,2014,2,0,1,Import,242,Fiji,FJI,899,"Areas, nes",,,,,,,,,27,"Mineral fuels, mineral oils and products of their distillation; bituminous substances; mineral waxes",1,No Quantity,,,,,,,5285,,,0
H4,2015,2015,2015,2,0,1,Import,242,Fiji,FJI,0,World,WLD,,,,,,,,27,"Mineral fuels, mineral oils and products of their distillation; bituminous substances; mineral waxes",1,No Quantity,,,,,,,480918415,,,0
H4,2015,2015,2015,2,0,1,Import,242,Fiji,FJI,16,American Samoa,ASM,,,,,,,,27,"Mineral fuels, mineral oils and products of their distillation; bituminous substances; mineral waxes",1,No Quantity,,,,,,,33619,,,0
H4,2015,2015,2015,2,0,1,Import,242,Fiji,FJI,36,Australia,AUS,,,,,,,,27,"Mineral fuels, mineral oils and products of their distillation; bituminous substances; mineral waxes",1,No Quantity,,,,,,,6008996,,,0
H4,2015,2015,2015,2,0,1,Import,242,Fiji,FJI,84,Belize,BLZ,,,,,,,,27,"Mineral fuels, mineral oils and products of their distillation; bituminous substances; mineral waxes",1,No Quantity,,,,,,,3459,,,0
H4,2015,2015,2015,2,0,1,Import,242,Fiji,FJI,124,Canada,CAN,,,,,,,,27,"Mineral fuels, mineral oils and products of their distillation; bituminous substances; mineral waxes",1,No Quantity,,,,,,,1324,,,0
H4,2015,2015,2015,2,0,1,Import,242,Fiji,FJI,156,China,CHN,,,,,,,,27,"Mineral fuels, mineral oils and products of their distillation; bituminous substances; mineral waxes",1,No Quantity,,,,,,,259265,,,0
H4,2015,2015,2015,2,0,1,Import,242,Fiji,FJI,184,Cook Isds,COK,,,,,,,,27,"Mineral fuels, mineral oils and products of their distillation; bituminous substances; mineral waxes",1,No Quantity,,,,,,,143,,,0
H4,2015,2015,2015,2,0,1,Import,242,Fiji,FJI,251,France,FRA,,,,,,,,27,"Mineral fuels, mineral oils and products of their distillation; bituminous substances; mineral waxes",1,No Quantity,,,,,,,98475,,,0
H4,2015,2015,2015,2,0,1,Import,242,Fiji,FJI,276,Germany,DEU,,,,,,,,27,"Mineral fuels, mineral oils and products of their distillation; bituminous substances; mineral waxes",1,No Quantity,,,,,,,551826,,,0
H4,2015,2015,2015,2,0,1,Import,242,Fiji,FJI,344,"China, Hong Kong SAR",HKG,,,,,,,,27,"Mineral fuels, mineral oils and products of their distillation; bituminous substances; mineral waxes",1,No Quantity,,,,,,,16048,,,0
H4,2015,2015,2015,2,0,1,Import,242,Fiji,FJI,360,Indonesia,IDN,,,,,,,,27,"Mineral fuels, mineral oils and products of their distillation; bituminous substances; mineral waxes",1,No Quantity,,,,,,,340,,,0
H4,2015,2015,2015,2,0,1,Import,242,Fiji,FJI,381,Italy,ITA,,,,,,,,27,"Mineral fuels, mineral oils and products of their distillation; bituminous substances; mineral waxes",1,No Quantity,,,,,,,248,,,0
H4,2015,2015,2015,2,0,1,Import,242,Fiji,FJI,392,Japan,JPN,,,,,,,,27,"Mineral fuels, mineral oils and products of their distillation; bituminous substances; mineral waxes",1,No Quantity,,,,,,,60466,,,0
H4,2015,2015,2015,2,0,1,Import,242,Fiji,FJI,408,Dem. People's Rep. of Korea,PRK,,,,,,,,27,"Mineral fuels, mineral oils and products of their distillation; bituminous substances; mineral waxes",1,No Quantity,,,,,,,8736501,,,0
H4,2015,2015,2015,2,0,1,Import,242,Fiji,FJI,410,Rep. of Korea,KOR,,,,,,,,27,"Mineral fuels, mineral oils and products of their distillation; bituminous substances; mineral waxes",1,No Quantity,,,,,,,100723944,,,0
H4,2015,2015,2015,2,0,1,Import,242,Fiji,FJI,440,Lithuania,LTU,,,,,,,,27,"Mineral fuels, mineral oils and products of their distillation; bituminous substances; mineral waxes",1,No Quantity,,,,,,,41,,,0
H4,2015,2015,2015,2,0,1,Import,242,Fiji,FJI,458,Malaysia,MYS,,,,,,,,27,"Mineral fuels, mineral oils and products of their distillation; bituminous substances; mineral waxes",1,No Quantity,,,,,,,372496,,,0
H4,2015,2015,2015,2,0,1,Import,242,Fiji,FJI,490,"Other Asia, nes",,,,,,,,,27,"Mineral fuels, mineral oils and products of their distillation; bituminous substances; mineral waxes",1,No Quantity,,,,,,,122225,,,0
H4,2015,2015,2015,2,0,1,Import,242,Fiji,FJI,520,Nauru,NRU,,,,,,,,27,"Mineral fuels, mineral oils and products of their distillation; bituminous substances; mineral waxes",1,No Quantity,,,,,,,334,,,0
H4,2015,2015,2015,2,0,1,Import,242,Fiji,FJI,528,Netherlands,NLD,,,,,,,,27,"Mineral fuels, mineral oils and products of their distillation; bituminous substances; mineral waxes",1,No Quantity,,,,,,,6016,,,0
H4,2015,2015,2015,2,0,1,Import,242,Fiji,FJI,540,New Caledonia,NCL,,,,,,,,27,"Mineral fuels, mineral oils and products of their distillation; bituminous substances; mineral waxes",1,No Quantity,,,,,,,286,,,0
H4,2015,2015,2015,2,0,1,Import,242,Fiji,FJI,548,Vanuatu,VUT,,,,,,,,27,"Mineral fuels, mineral oils and products of their distillation; bituminous substances; mineral waxes",1,No Quantity,,,,,,,11,,,0
H4,2015,2015,2015,2,0,1,Import,242,Fiji,FJI,554,New Zealand,NZL,,,,,,,,27,"Mineral fuels, mineral oils and products of their distillation; bituminous substances; mineral waxes",1,No Quantity,,,,,,,1537641,,,0
H4,2015,2015,2015,2,0,1,Import,242,Fiji,FJI,584,Marshall Isds,MHL,,,,,,,,27,"Mineral fuels, mineral oils and products of their distillation; bituminous substances; mineral waxes",1,No Quantity,,,,,,,114,,,0
H4,2015,2015,2015,2,0,1,Import,242,Fiji,FJI,682,Saudi Arabia,SAU,,,,,,,,27,"Mineral fuels, mineral oils and products of their distillation; bituminous substances; mineral waxes",1,No Quantity,,,,,,,511314,,,0
H4,2015,2015,2015,2,0,1,Import,242,Fiji,FJI,699,India,IND,,,,,,,,27,"Mineral fuels, mineral oils and products of their distillation; bituminous substances; mineral waxes",1,No Quantity,,,,,,,3346946,,,0
H4,2015,2015,2015,2,0,1,Import,242,Fiji,FJI,702,Singapore,SGP,,,,,,,,27,"Mineral fuels, mineral oils and products of their distillation; bituminous substances; mineral waxes",1,No Quantity,,,,,,,340816555,,,0
H4,2015,2015,2015,2,0,1,Import,242,Fiji,FJI,710,South Africa,ZAF,,,,,,,,27,"Mineral fuels, mineral oils and products of their distillation; bituminous substances; mineral waxes",1,No Quantity,,,,,,,965,,,0
H4,2015,2015,2015,2,0,1,Import,242,Fiji,FJI,748,Eswatini,SWZ,,,,,,,,27,"Mineral fuels, mineral oils and products of their distillation; bituminous substances; mineral waxes",1,No Quantity,,,,,,,8693768,,,0
H4,2015,2015,2015,2,0,1,Import,242,Fiji,FJI,752,Sweden,SWE,,,,,,,,27,"Mineral fuels, mineral oils and products of their distillation; bituminous substances; mineral waxes",1,No Quantity,,,,,,,194114,,,0
H4,2015,2015,2015,2,0,1,Import,242,Fiji,FJI,757,Switzerland,CHE,,,,,,,,27,"Mineral fuels, mineral oils and products of their distillation; bituminous substances; mineral waxes",1,No Quantity,,,,,,,6211895,,,0
H4,2015,2015,2015,2,0,1,Import,242,Fiji,FJI,764,Thailand,THA,,,,,,,,27,"Mineral fuels, mineral oils and products of their distillation; bituminous substances; mineral waxes",1,No Quantity,,,,,,,845318,,,0
H4,2015,2015,2015,2,0,1,Import,242,Fiji,FJI,768,Togo,TGO,,,,,,,,27,"Mineral fuels, mineral oils and products of their distillation; bituminous substances; mineral waxes",1,No Quantity,,,,,,,10205,,,0
H4,2015,2015,2015,2,0,1,Import,242,Fiji,FJI,776,Tonga,TON,,,,,,,,27,"Mineral fuels, mineral oils and products of their distillation; bituminous substances; mineral waxes",1,No Quantity,,,,,,,3,,,0
H4,2015,2015,2015,2,0,1,Import,242,Fiji,FJI,784,United Arab Emirates,ARE,,,,,,,,27,"Mineral fuels, mineral oils and products of their distillation; bituminous substances; mineral waxes",1,No Quantity,,,,,,,1019011,,,0
H4,2015,2015,2015,2,0,1,Import,242,Fiji,FJI,792,Turkey,TUR,,,,,,,,27,"Mineral fuels, mineral oils and products of their distillation; bituminous substances; mineral waxes",1,No Quantity,,,,,,,121285,,,0
H4,2015,2015,2015,2,0,1,Import,242,Fiji,FJI,798,Tuvalu,TUV,,,,,,,,27,"Mineral fuels, mineral oils and products of their distillation; bituminous substances; mineral waxes",1,No Quantity,,,,,,,718,,,0
H4,2015,2015,2015,2,0,1,Import,242,Fiji,FJI,826,United Kingdom,GBR,,,,,,,,27,"Mineral fuels, mineral oils and products of their distillation; bituminous substances; mineral waxes",1,No Quantity,,,,,,,18190,,,0
H4,2015,2015,2015,2,0,1,Import,242,Fiji,FJI,842,USA,USA,,,,,,,,27,"Mineral fuels, mineral oils and products of their distillation; bituminous substances; mineral waxes",1,No Quantity,,,,,,,185302,,,0
H4,2015,2015,2015,2,0,1,Import,242,Fiji,FJI,899,"Areas, nes",,,,,,,,,27,"Mineral fuels, mineral oils and products of their distillation; bituminous substances; mineral waxes",1,No Quantity,,,,,,,409003,,,0
H4,2016,2016,2016,2,0,1,Import,242,Fiji,FJI,0,World,WLD,,,,,,,,27,"Mineral fuels, mineral oils and products of their distillation; bituminous substances; mineral waxes",1,No Quantity,,,,,,,350604275,,,0
H4,2016,2016,2016,2,0,1,Import,242,Fiji,FJI,36,Australia,AUS,,,,,,,,27,"Mineral fuels, mineral oils and products of their distillation; bituminous substances; mineral waxes",1,No Quantity,,,,,,,9081125,,,0
H4,2016,2016,2016,2,0,1,Import,242,Fiji,FJI,40,Austria,AUT,,,,,,,,27,"Mineral fuels, mineral oils and products of their distillation; bituminous substances; mineral waxes",1,No Quantity,,,,,,,364,,,0
H4,2016,2016,2016,2,0,1,Import,242,Fiji,FJI,56,Belgium,BEL,,,,,,,,27,"Mineral fuels, mineral oils and products of their distillation; bituminous substances; mineral waxes",1,No Quantity,,,,,,,536,,,0
H4,2016,2016,2016,2,0,1,Import,242,Fiji,FJI,124,Canada,CAN,,,,,,,,27,"Mineral fuels, mineral oils and products of their distillation; bituminous substances; mineral waxes",1,No Quantity,,,,,,,2790,,,0
H4,2016,2016,2016,2,0,1,Import,242,Fiji,FJI,156,China,CHN,,,,,,,,27,"Mineral fuels, mineral oils and products of their distillation; bituminous substances; mineral waxes",1,No Quantity,,,,,,,376125,,,0
H4,2016,2016,2016,2,0,1,Import,242,Fiji,FJI,162,Christmas Isds,CXR,,,,,,,,27,"Mineral fuels, mineral oils and products of their distillation; bituminous substances; mineral waxes",1,No Quantity,,,,,,,96,,,0
H4,2016,2016,2016,2,0,1,Import,242,Fiji,FJI,184,Cook Isds,COK,,,,,,,,27,"Mineral fuels, mineral oils and products of their distillation; bituminous substances; mineral waxes",1,No Quantity,,,,,,,5553,,,0
H4,2016,2016,2016,2,0,1,Import,242,Fiji,FJI,251,France,FRA,,,,,,,,27,"Mineral fuels, mineral oils and products of their distillation; bituminous substances; mineral waxes",1,No Quantity,,,,,,,1880,,,0
H4,2016,2016,2016,2,0,1,Import,242,Fiji,FJI,276,Germany,DEU,,,,,,,,27,"Mineral fuels, mineral oils and products of their distillation; bituminous substances; mineral waxes",1,No Quantity,,,,,,,264963,,,0
H4,2016,2016,2016,2,0,1,Import,242,Fiji,FJI,296,Kiribati,KIR,,,,,,,,27,"Mineral fuels, mineral oils and products of their distillation; bituminous substances; mineral waxes",1,No Quantity,,,,,,,349,,,0
H4,2016,2016,2016,2,0,1,Import,242,Fiji,FJI,344,"China, Hong Kong SAR",HKG,,,,,,,,27,"Mineral fuels, mineral oils and products of their distillation; bituminous substances; mineral waxes",1,No Quantity,,,,,,,16240,,,0
H4,2016,2016,2016,2,0,1,Import,242,Fiji,FJI,360,Indonesia,IDN,,,,,,,,27,"Mineral fuels, mineral oils and products of their distillation; bituminous substances; mineral waxes",1,No Quantity,,,,,,,669,,,0
H4,2016,2016,2016,2,0,1,Import,242,Fiji,FJI,381,Italy,ITA,,,,,,,,27,"Mineral fuels, mineral oils and products of their distillation; bituminous substances; mineral waxes",1,No Quantity,,,,,,,321,,,0
H4,2016,2016,2016,2,0,1,Import,242,Fiji,FJI,392,Japan,JPN,,,,,,,,27,"Mineral fuels, mineral oils and products of their distillation; bituminous substances; mineral waxes",1,No Quantity,,,,,,,66713,,,0
H4,2016,2016,2016,2,0,1,Import,242,Fiji,FJI,408,Dem. People's Rep. of Korea,PRK,,,,,,,,27,"Mineral fuels, mineral oils and products of their distillation; bituminous substances; mineral waxes",1,No Quantity,,,,,,,3970135,,,0
H4,2016,2016,2016,2,0,1,Import,242,Fiji,FJI,410,Rep. of Korea,KOR,,,,,,,,27,"Mineral fuels, mineral oils and products of their distillation; bituminous substances; mineral waxes",1,No Quantity,,,,,,,30888695,,,0
H4,2016,2016,2016,2,0,1,Import,242,Fiji,FJI,414,Kuwait,KWT,,,,,,,,27,"Mineral fuels, mineral oils and products of their distillation; bituminous substances; mineral waxes",1,No Quantity,,,,,,,10628,,,0
H4,2016,2016,2016,2,0,1,Import,242,Fiji,FJI,458,Malaysia,MYS,,,,,,,,27,"Mineral fuels, mineral oils and products of their distillation; bituminous substances; mineral waxes",1,No Quantity,,,,,,,2349992,,,0
H4,2016,2016,2016,2,0,1,Import,242,Fiji,FJI,490,"Other Asia, nes",,,,,,,,,27,"Mineral fuels, mineral oils and products of their distillation; bituminous substances; mineral waxes",1,No Quantity,,,,,,,35744,,,0
H4,2016,2016,2016,2,0,1,Import,242,Fiji,FJI,520,Nauru,NRU,,,,,,,,27,"Mineral fuels, mineral oils and products of their distillation; bituminous substances; mineral waxes",1,No Quantity,,,,,,,220,,,0
H4,2016,2016,2016,2,0,1,Import,242,Fiji,FJI,540,New Caledonia,NCL,,,,,,,,27,"Mineral fuels, mineral oils and products of their distillation; bituminous substances; mineral waxes",1,No Quantity,,,,,,,84438,,,0
H4,2016,2016,2016,2,0,1,Import,242,Fiji,FJI,554,New Zealand,NZL,,,,,,,,27,"Mineral fuels, mineral oils and products of their distillation; bituminous substances; mineral waxes",1,No Quantity,,,,,,,1553216,,,0
H4,2016,2016,2016,2,0,1,Import,242,Fiji,FJI,585,Palau,PLW,,,,,,,,27,"Mineral fuels, mineral oils and products of their distillation; bituminous substances; mineral waxes",1,No Quantity,,,,,,,11,,,0
H4,2016,2016,2016,2,0,1,Import,242,Fiji,FJI,591,Panama,PAN,,,,,,,,27,"Mineral fuels, mineral oils and products of their distillation; bituminous substances; mineral waxes",1,No Quantity,,,,,,,1822885,,,0
H4,2016,2016,2016,2,0,1,Import,242,Fiji,FJI,699,India,IND,,,,,,,,27,"Mineral fuels, mineral oils and products of their distillation; bituminous substances; mineral waxes",1,No Quantity,,,,,,,837521,,,0
H4,2016,2016,2016,2,0,1,Import,242,Fiji,FJI,702,Singapore,SGP,,,,,,,,27,"Mineral fuels, mineral oils and products of their distillation; bituminous substances; mineral waxes",1,No Quantity,,,,,,,284792997,,,0
H4,2016,2016,2016,2,0,1,Import,242,Fiji,FJI,724,Spain,ESP,,,,,,,,27,"Mineral fuels, mineral oils and products of their distillation; bituminous substances; mineral waxes",1,No Quantity,,,,,,,260,,,0
H4,2016,2016,2016,2,0,1,Import,242,Fiji,FJI,748,Eswatini,SWZ,,,,,,,,27,"Mineral fuels, mineral oils and products of their distillation; bituminous substances; mineral waxes",1,No Quantity,,,,,,,7413821,,,0
H4,2016,2016,2016,2,0,1,Import,242,Fiji,FJI,752,Sweden,SWE,,,,,,,,27,"Mineral fuels, mineral oils and products of their distillation; bituminous substances; mineral waxes",1,No Quantity,,,,,,,1894,,,0
H4,2016,2016,2016,2,0,1,Import,242,Fiji,FJI,757,Switzerland,CHE,,,,,,,,27,"Mineral fuels, mineral oils and products of their distillation; bituminous substances; mineral waxes",1,No Quantity,,,,,,,5182770,,,0
H4,2016,2016,2016,2,0,1,Import,242,Fiji,FJI,764,Thailand,THA,,,,,,,,27,"Mineral fuels, mineral oils and products of their distillation; bituminous substances; mineral waxes",1,No Quantity,,,,,,,406279,,,0
H4,2016,2016,2016,2,0,1,Import,242,Fiji,FJI,776,Tonga,TON,,,,,,,,27,"Mineral fuels, mineral oils and products of their distillation; bituminous substances; mineral waxes",1,No Quantity,,,,,,,1424,,,0
H4,2016,2016,2016,2,0,1,Import,242,Fiji,FJI,784,United Arab Emirates,ARE,,,,,,,,27,"Mineral fuels, mineral oils and products of their distillation; bituminous substances; mineral waxes",1,No Quantity,,,,,,,995463,,,0
H4,2016,2016,2016,2,0,1,Import,242,Fiji,FJI,792,Turkey,TUR,,,,,,,,27,"Mineral fuels, mineral oils and products of their distillation; bituminous substances; mineral waxes",1,No Quantity,,,,,,,128885,,,0
H4,2016,2016,2016,2,0,1,Import,242,Fiji,FJI,798,Tuvalu,TUV,,,,,,,,27,"Mineral fuels, mineral oils and products of their distillation; bituminous substances; mineral waxes",1,No Quantity,,,,,,,345,,,0
H4,2016,2016,2016,2,0,1,Import,242,Fiji,FJI,826,United Kingdom,GBR,,,,,,,,27,"Mineral fuels, mineral oils and products of their distillation; bituminous substances; mineral waxes",1,No Quantity,,,,,,,96665,,,0
H4,2016,2016,2016,2,0,1,Import,242,Fiji,FJI,842,USA,USA,,,,,,,,27,"Mineral fuels, mineral oils and products of their distillation; bituminous substances; mineral waxes",1,No Quantity,,,,,,,164758,,,0
H4,2016,2016,2016,2,0,1,Import,242,Fiji,FJI,899,"Areas, nes",,,,,,,,,27,"Mineral fuels, mineral oils and products of their distillation; bituminous substances; mineral waxes",1,No Quantity,,,,,,,47504,,,0
